time,z,z_dot
0.8303091526031494,31.328,0.0
0.8508293628692627,27.656,-3.6719999999999997
0.8810510635375977,23.984,-3.6719999999999997
0.9101977348327637,20.312,-3.6720000000000006
0.9417343139648438,16.64,-3.671999999999999
0.9804861545562744,16.64,-3.6720000000000006
1.0052049160003662,16.64,0.0
1.0271360874176025,16.64,0.0
1.068580150604248,16.64,0.0
1.1050217151641846,16.64,0.0
1.146540880203247,16.538,0.0
1.1861224174499512,16.538,-0.10200000000000031
1.2238600254058838,16.538,0.0
1.2684659957885742,16.538,0.0
1.3246150016784668,16.436,0.0
1.3791401386260986,16.436,-0.10200000000000031
1.4076886177062988,16.436,0.0
1.438795566558838,16.436,0.0
1.4762887954711914,16.436,0.0
1.516488790512085,16.538,0.0
1.560342788696289,16.288,0.10200000000000031
1.6021924018859863,15.936,-0.25
1.6461586952209473,15.584,-0.3520000000000003
1.6851410865783691,15.232,-0.3520000000000003
1.7278003692626953,14.879999999999999,-0.3520000000000003
1.7872843742370605,15.231999999999996,-0.3520000000000003
1.855799674987793,15.583999999999996,0.35199999999999676
1.8817403316497803,15.936,0.3520000000000003
1.9041774272918701,15.936,0.35200000000000387
1.9377210140228271,16.186,0.0
1.9768524169921875,15.918,0.25
2.024702548980713,15.472000000000001,-0.2680000000000007
2.0594964027404785,15.471999999999998,-0.44599999999999795
2.115569829940796,15.823999999999998,-3.552713678800501e-15
2.171238660812378,15.925999999999998,0.3520000000000003
2.205195426940918,16.194,0.10200000000000031
2.2288715839385986,16.64,0.2680000000000007
2.2688143253326416,16.64,0.4460000000000015
2.3127667903900146,16.734,0.0
2.3536312580108643,16.734,0.0940000000000012
2.4072415828704834,16.734,0.0
2.4742350578308105,16.381999999999998,0.0
2.4966752529144287,16.381999999999998,-0.35200000000000387
2.5368330478668213,16.186,0.0
2.5642900466918945,15.834,-0.19599999999999795
2.6151695251464844,15.833999999999996,-0.3520000000000003
2.65543270111084,16.186,-3.552713678800501e-15
2.688715696334839,15.833999999999996,0.35200000000000387
2.7273647785186768,15.936,-0.35200000000000387
2.7735888957977295,16.288,0.10200000000000387
2.812434673309326,15.841999999999999,0.3520000000000003
2.8575057983398438,15.489999999999998,-0.4460000000000015
2.8991305828094482,15.396,-0.3520000000000003
2.9420902729034424,15.044,-0.09399999999999764
2.9807217121124268,14.692,-0.3520000000000003
3.0278985500335693,14.785999999999998,-0.3520000000000003
3.0645105838775635,14.692,0.09399999999999764
3.105916976928711,14.785999999999998,-0.09399999999999764
3.1566808223724365,14.692,0.09399999999999764
3.218183994293213,14.692,-0.09399999999999764
3.2404887676239014,14.597999999999999,0.0
3.272566318511963,14.692,-0.0940000000000012
3.3117642402648926,15.043999999999997,0.0940000000000012
3.365973711013794,15.137999999999998,0.35199999999999676
3.4117443561553955,15.137999999999998,0.0940000000000012
3.440823793411255,15.232,0.0
3.4887616634368896,15.232,0.0940000000000012
3.541449785232544,14.879999999999999,0.0
3.5695040225982666,14.879999999999999,-0.3520000000000003
3.606553554534912,14.785999999999998,0.0
3.6475090980529785,14.692,-0.0940000000000012
3.688699722290039,14.597999999999999,-0.09399999999999764
3.73356556892395,14.503999999999998,-0.0940000000000012
3.7734360694885254,14.41,-0.0940000000000012
3.815969228744507,14.503999999999998,-0.09399999999999764
3.855450391769409,14.597999999999999,0.09399999999999764
3.900129795074463,14.692,0.0940000000000012
3.9503471851348877,14.692,0.0940000000000012
4.00825834274292,14.692,0.0
4.0349202156066895,14.597999999999999,0.0
4.062810182571411,14.597999999999999,-0.0940000000000012
4.108456611633301,14.503999999999998,0.0
4.147651433944702,14.149999999999999,-0.0940000000000012
4.191376447677612,13.796,-0.3539999999999992
4.231868267059326,13.442,-0.3539999999999992
4.275360584259033,12.899999999999999,-0.3539999999999992
4.3178980350494385,12.546,-0.5420000000000016
4.36139178276062,12.452000000000002,-0.3539999999999992
4.401197910308838,12.452000000000002,-0.09399999999999764
4.446178674697876,12.806000000000001,0.0
4.484568119049072,13.152000000000001,0.3539999999999992
4.524619102478027,13.058,0.3460000000000001
4.568508148193359,13.152000000000001,-0.0940000000000012
4.608400821685791,13.151999999999997,0.0940000000000012
4.654114723205566,12.798000000000002,-3.552713678800501e-15
4.694223880767822,12.452000000000002,-0.35399999999999565
4.74022102355957,12.546,-0.3460000000000001
4.776979207992554,12.452000000000002,0.09399999999999764
4.818596601486206,12.358,-0.09399999999999764
4.86091685295105,11.910000000000004,-0.0940000000000012
4.900034666061401,11.464000000000002,-0.44799999999999685
4.9437782764434814,11.272000000000002,-0.4460000000000015
4.984628677368164,10.826,-0.19200000000000017
5.0281982421875,10.380000000000003,-0.4460000000000015
5.068440675735474,10.288,-0.44599999999999795
5.112494707107544,10.288,-0.0920000000000023
5.155230283737183,9.940000000000001,0.0
5.191925525665283,9.494,-0.347999999999999
5.247137546539307,9.494,-0.4460000000000015
5.307971000671387,9.395999999999997,0.0
5.335808277130127,9.395999999999997,-0.09800000000000253
5.358909606933594,9.395999999999997,0.0
5.405088186264038,9.842000000000002,0.0
5.445002794265747,9.842000000000002,0.44600000000000506
5.487789869308472,9.585999999999999,0.0
5.527587890625,9.140000000000004,-0.2560000000000038
5.569138288497925,8.786000000000001,-0.4459999999999944
5.611314296722412,8.340000000000003,-0.35400000000000276
5.651997804641724,7.8940000000000055,-0.44599999999999795
5.703639507293701,8.149999999999999,-0.44599999999999795
5.757362127304077,8.149999999999999,0.2559999999999931
5.814652681350708,8.405999999999999,0.0
5.841151237487793,8.405999999999999,0.2560000000000002
5.858759880065918,8.405999999999999,0.0
5.905424356460571,8.058,0.0
5.944991588592529,8.405999999999999,-0.347999999999999
5.987854957580566,8.405999999999999,0.347999999999999
6.037006855010986,8.405999999999999,0.0
6.115575551986694,8.405999999999999,0.0
6.1418616771698,8.498000000000001,0.0
6.1708595752716064,8.498000000000001,0.0920000000000023
6.208204746246338,8.149999999999999,0.0
6.238037109375,8.596000000000004,-0.34800000000000253
6.289439678192139,8.687999999999999,0.44600000000000506
6.328358173370361,8.943999999999999,0.0919999999999952
6.369388818740845,9.042000000000002,0.2560000000000002
6.405932188034058,9.488,0.09800000000000253
6.459177732467651,9.488000000000003,0.44599999999999795
6.512869834899902,9.842000000000002,3.552713678800501e-15
6.547120094299316,10.032,0.3539999999999992
6.574579238891602,10.123999999999999,0.18999999999999773
6.611841201782227,10.471999999999998,0.09199999999999875
6.66069221496582,10.82,0.347999999999999
6.69577431678772,10.911999999999999,0.34800000000000253
6.740411758422852,10.911999999999999,0.09199999999999875
6.7878429889678955,10.911999999999999,0.0
6.859759569168091,10.655999999999999,0.0
6.886419296264648,10.308000000000003,-0.2560000000000002
6.908413410186768,10.216000000000001,-0.3479999999999954
6.9481236934661865,10.124000000000002,-0.0920000000000023
6.989907264709473,10.032,-0.09199999999999875
7.031569719314575,9.672,-0.0920000000000023
7.074596166610718,9.672,-0.35999999999999943
7.116726636886597,9.764,0.0
7.165555000305176,9.764,0.09199999999999875
7.233080863952637,9.764,0.0
7.26096248626709,10.032,0.0
7.284909725189209,10.032,0.2680000000000007
7.323871850967407,10.032,0.0
7.3650221824646,10.123999999999999,0.0
7.415530204772949,10.215999999999998,0.09199999999999875
7.4755120277404785,10.308,0.09199999999999875
7.517202138900757,10.399999999999999,0.0920000000000023
7.540084600448608,10.308000000000003,0.09199999999999875
7.575833559036255,10.661999999999999,-0.0919999999999952
7.615890979766846,10.661999999999999,0.35399999999999565
7.65802526473999,11.016000000000002,0.0
7.700704097747803,11.271999999999998,0.35400000000000276
7.748743295669556,11.364,0.2559999999999967
7.804990530014038,11.363999999999997,0.0920000000000023
7.8338587284088135,11.271999999999998,-3.552713678800501e-15
7.869872570037842,10.918,-0.09199999999999875
7.907378435134888,11.016000000000002,-0.3539999999999992
7.951708078384399,10.924,0.09800000000000253
7.992398262023926,10.826,-0.0920000000000023
8.047667741775513,11.272000000000002,-0.09799999999999898
8.093960046768188,11.18,0.4460000000000015
8.135329961776733,11.18,-0.0920000000000023
8.161414861679077,11.272000000000002,0.0
8.200772285461426,11.370000000000001,0.0920000000000023
8.244182586669922,11.015999999999998,0.09799999999999898
8.292866945266724,11.462000000000003,-0.35400000000000276
8.356635332107544,11.107999999999997,0.44600000000000506
8.376898288726807,11.108,-0.3540000000000063
8.406166553497314,11.009999999999998,3.552713678800501e-15
8.461302280426025,11.009999999999998,-0.09800000000000253
8.52125859260559,10.911999999999999,0.0
8.547300338745117,10.911999999999999,-0.09799999999999898
8.576056957244873,11.266000000000002,0.0
8.627347230911255,10.918,0.35400000000000276
8.67920470237732,10.918,-0.34800000000000253
8.706942081451416,10.57,0.0
8.753973484039307,10.57,-0.347999999999999
8.790637493133545,10.124000000000002,0.0
8.828455924987793,10.124000000000002,-0.44599999999999795
8.868066787719727,10.032,0.0
8.91174864768982,10.380000000000003,-0.0920000000000023
8.952171802520752,10.288,0.34800000000000253
8.995841026306152,10.288,-0.0920000000000023
9.036886215209961,10.288,0.0
9.079538106918335,10.288,0.0
9.121056079864502,9.940000000000001,0.0
9.159912347793579,9.940000000000001,-0.347999999999999
9.204565525054932,9.940000000000001,0.0
9.244368076324463,9.585999999999999,0.0
9.289019107818604,9.585999999999999,-0.35400000000000276
9.328562259674072,9.232,0.0
9.3726167678833,9.232,-0.3539999999999992
9.41239619255066,9.232000000000006,0.0
9.45680546760559,9.232,7.105427357601002e-15
9.49788761138916,9.232,-7.105427357601002e-15
9.538078784942627,9.488,0.0
9.579996109008789,9.488,0.2560000000000002
9.620458364486694,9.488,0.0
9.664437055587769,9.744,0.0
9.70487117767334,9.744,0.2560000000000002
9.748905897140503,9.841999999999999,0.0
9.791460990905762,9.842000000000002,0.09799999999999898
9.83323049545288,9.842000000000002,3.552713678800501e-15
9.87439775466919,9.940000000000001,0.0
9.912216663360596,9.940000000000001,0.09799999999999898
9.95499300956726,9.940000000000001,0.0
9.996295690536499,9.841999999999999,0.0
10.039043426513672,9.841999999999999,-0.09800000000000253
10.087746143341064,9.57,0.0
10.146002769470215,9.216000000000001,-0.27199999999999847
10.176335573196411,8.77,-0.3539999999999992
10.207736253738403,8.77,-0.4460000000000015
10.256401777267456,8.77,0.0
10.29518985748291,8.687999999999999,0.0
10.332465887069702,8.687999999999999,-0.08200000000000074
10.37394380569458,9.036000000000001,0.0
10.424958944320679,9.036000000000001,0.34800000000000253
10.489414691925049,8.589999999999996,0.0
10.510817527770996,8.589999999999996,-0.44600000000000506
10.539713621139526,8.846000000000004,0.0
10.591152429580688,8.943999999999999,0.25600000000000733
10.638928174972534,8.596000000000004,0.09799999999999542
10.664252281188965,9.042000000000002,-0.3479999999999954
10.707828521728516,9.297999999999995,0.44599999999999795
10.7483491897583,9.298000000000002,0.2559999999999931
10.792022228240967,9.298000000000002,7.105427357601002e-15
10.832208156585693,9.298000000000002,0.0
10.88707971572876,9.298000000000002,0.0
10.955555438995361,9.297999999999995,0.0
10.979241847991943,9.298000000000002,-7.105427357601002e-15
11.001665592193604,9.298000000000002,7.105427357601002e-15
11.03883957862854,9.744,0.0
11.091477632522583,9.744000000000003,0.44599999999999795
11.139005422592163,9.842000000000002,3.552713678800501e-15
11.168579339981079,9.940000000000001,0.09799999999999898
11.216296911239624,10.288,0.09799999999999898
11.274569511413574,10.379999999999999,0.347999999999999
11.302018404006958,10.727999999999998,0.09199999999999875
11.332930564880371,10.82,0.347999999999999
11.375534057617188,10.820000000000004,0.0920000000000023
11.415668964385986,10.918,3.552713678800501e-15
11.459520101547241,10.826,0.09799999999999542
11.501042127609253,10.826,-0.09199999999999875
11.552520275115967,11.18,0.0
11.604482412338257,11.45,0.3539999999999992
11.63704228401184,11.45,0.2699999999999996
11.668604135513306,11.542000000000002,0.0
11.707685708999634,11.64,0.0920000000000023
11.752669334411621,11.640000000000004,0.09799999999999898
11.790211915969849,11.815999999999999,3.552713678800501e-15
11.835505962371826,11.718,0.17599999999999483
11.901981115341187,11.974,-0.09799999999999898
11.966742515563965,11.875999999999998,0.2560000000000002
11.985374689102173,11.876000000000001,-0.09800000000000253
12.00615406036377,11.778000000000002,3.552713678800501e-15
12.043517351150513,11.876000000000005,-0.09799999999999898
12.084201574325562,11.875999999999998,0.09800000000000253
12.127544641494751,11.876000000000001,-7.105427357601002e-15
12.168236255645752,11.875999999999998,3.552713678800501e-15
12.211915731430054,11.527999999999999,-3.552713678800501e-15
12.260261297225952,11.528000000000002,-0.347999999999999
12.305294036865234,11.625999999999998,3.552713678800501e-15
12.337642908096313,11.626000000000001,0.09799999999999542
12.380383491516113,11.626000000000001,3.552713678800501e-15
12.41966700553894,11.974,0.0
12.459772109985352,11.620000000000001,0.347999999999999
12.503798484802246,11.619999999999997,-0.3539999999999992
12.551750183105469,11.718000000000004,-3.552713678800501e-15
12.606609582901001,11.620000000000005,0.09800000000000608
12.645524501800537,11.619999999999997,-0.09799999999999898
12.671434879302979,11.875999999999998,-7.105427357601002e-15
12.711613178253174,11.777999999999999,0.2560000000000002
12.756622791290283,11.68,-0.09799999999999898
12.7957124710083,11.778000000000002,-0.09799999999999898
12.83946442604065,11.876000000000005,0.09800000000000253
12.888785123825073,11.974,0.09800000000000253
12.94479489326477,12.072000000000003,0.09799999999999542
12.982672452926636,12.072000000000003,0.09800000000000253
13.005524396896362,12.072000000000003,0.0
13.048156023025513,12.072000000000003,0.0
13.087972640991211,11.974000000000004,0.0
13.132360696792603,11.974,-0.09799999999999898
13.170194625854492,12.072000000000003,-3.552713678800501e-15
13.22160005569458,11.974000000000004,0.09800000000000253
13.280162334442139,11.974,-0.09799999999999898
13.315053462982178,12.072000000000003,-3.552713678800501e-15
13.340041399002075,12.072,0.09800000000000253
13.388786792755127,12.072000000000003,-3.552713678800501e-15
13.432878017425537,12.170000000000002,3.552713678800501e-15
13.464088678359985,12.170000000000002,0.09799999999999898
13.507522106170654,12.170000000000002,0.0
13.55372953414917,12.072000000000003,0.0
13.621450185775757,12.072000000000003,-0.09799999999999898
13.652085304260254,11.974,0.0
13.675972700119019,11.974000000000004,-0.09800000000000253
13.730753660202026,12.32,3.552713678800501e-15
13.781460046768188,12.418000000000003,0.34599999999999653
13.802591562271118,12.418,0.09800000000000253
13.84180235862732,12.515999999999998,-3.552713678800501e-15
13.891796588897705,12.862000000000002,0.09799999999999898
13.933914422988892,12.516000000000002,0.34600000000000364
13.968947172164917,12.516000000000002,-0.3460000000000001
14.008987426757812,12.515999999999998,0.0
14.048211574554443,12.862000000000002,-3.552713678800501e-15
14.091517925262451,12.516000000000002,0.34600000000000364
14.132556915283203,12.516000000000002,-0.3460000000000001
14.176887273788452,12.862000000000002,0.0
14.21638011932373,12.956,0.3460000000000001
14.256623029708862,12.610000000000003,0.09399999999999764
14.3114333152771,12.956000000000003,-0.34599999999999653
14.377914667129517,12.956,0.3460000000000001
14.402190446853638,12.512,-3.552713678800501e-15
14.422528982162476,12.418000000000003,-0.44399999999999906
14.472307205200195,12.512,-0.09399999999999764
14.511046171188354,12.512000000000004,0.09399999999999764
14.555516004562378,12.512,3.552713678800501e-15
14.598012924194336,12.956,-3.552713678800501e-15
14.634243965148926,13.050000000000004,0.44399999999999906
14.676528453826904,13.302,0.09400000000000475
14.72079086303711,12.956000000000003,0.25199999999999534
14.760396242141724,13.302,-0.34599999999999653
14.799771308898926,13.404,0.34599999999999653
14.842134475708008,13.758,0.10200000000000031
14.884762048721313,13.758000000000003,0.3539999999999992
14.93477177619934,14.103999999999996,3.552713678800501e-15
14.972146034240723,14.206,0.345999999999993
15.008305072784424,14.206,0.10200000000000387
15.051290035247803,14.104000000000003,0.0
15.098067045211792,14.103999999999996,-0.10199999999999676
15.165418148040771,14.206,-7.105427357601002e-15
15.183791637420654,14.104,0.10200000000000387
15.222548246383667,14.104000000000003,-0.10200000000000031
15.259613037109375,14.104000000000003,3.552713678800501e-15
15.304018020629883,14.206,0.0
15.34390902519226,14.206,0.10199999999999676
15.387104034423828,14.308,0.0
15.432748556137085,14.308,0.10200000000000031
15.46854281425476,14.41,0.0
15.5112783908844,14.41,0.10200000000000031
15.551633596420288,14.41,0.0
15.596925973892212,14.41,0.0
15.642431497573853,14.41,0.0
15.680516719818115,14.753999999999998,0.0
15.720714330673218,14.847999999999999,0.34399999999999764
15.764495849609375,14.942,0.0940000000000012
15.80431580543518,14.942,0.0940000000000012
15.843410968780518,14.942,0.0
15.888649463653564,15.043999999999997,0.0
15.927552700042725,14.949999999999996,0.10199999999999676
15.972591400146484,14.856000000000002,-0.0940000000000012
16.02165174484253,15.302,-0.09399999999999409
16.057095289230347,15.302,0.44599999999999795
16.096686124801636,14.856000000000002,0.0
16.154706239700317,15.2,-0.44599999999999795
16.213186264038086,15.2,0.34399999999999764
16.2334463596344,14.753999999999998,0.0
16.26235342025757,15.097999999999999,-0.4460000000000015
16.303613662719727,15.097999999999999,0.3440000000000012
16.348390102386475,14.753999999999998,0.0
16.395065784454346,15.199999999999996,-0.3440000000000012
16.44579029083252,15.543999999999997,0.44599999999999795
16.49341082572937,15.2,0.3440000000000012
16.512197732925415,15.294,-0.34399999999999764
16.555894136428833,15.739999999999998,0.0940000000000012
16.606972217559814,15.637999999999998,0.44599999999999795
16.6683828830719,15.387999999999998,-0.10200000000000031
16.69038414955139,15.387999999999998,-0.25
16.724002599716187,15.387999999999998,0.0
16.764678478240967,14.942,0.0
16.804357528686523,14.692,-0.44599999999999795
16.84883975982666,14.597999999999999,-0.25
16.88813877105713,14.597999999999999,-0.0940000000000012
16.931673526763916,14.597999999999999,0.0
16.970555067062378,14.942,0.0
17.024578332901,14.847999999999999,0.3440000000000012
17.08456778526306,14.847999999999999,-0.0940000000000012
17.127996921539307,14.942,0.0
17.150192975997925,15.293999999999997,0.0940000000000012
17.192370176315308,15.043999999999997,0.35199999999999676
17.22291398048401,15.137999999999998,-0.25
17.264526844024658,15.482,0.0940000000000012
17.316040754318237,15.482,0.3440000000000012
17.361263275146484,15.035999999999998,0.0
17.392411708831787,15.285999999999998,-0.4460000000000015
17.43443012237549,15.365999999999996,0.25
17.475446224212646,15.021999999999998,0.0799999999999983
17.516664743423462,14.928,-0.34399999999999764
17.55557417869568,14.928,-0.09399999999999764
17.600348949432373,14.584,0.0
17.639997005462646,14.753999999999998,-0.3440000000000012
17.683241367340088,15.097999999999999,0.16999999999999815
17.72347092628479,15.097999999999999,0.3440000000000012
17.774173259735107,15.097999999999999,0.0
17.808128118515015,15.192,0.0
17.851521253585815,15.293999999999997,0.0940000000000012
17.894079208374023,15.293999999999997,0.10199999999999676
17.932458877563477,15.637999999999998,0.0
17.97547936439514,15.637999999999998,0.3440000000000012
18.019312381744385,15.637999999999998,0.0
18.059906721115112,15.535999999999998,0.0
18.10123062133789,15.637999999999998,-0.10200000000000031
18.155059576034546,15.293999999999997,0.10200000000000031
18.222177982330322,15.294,-0.3440000000000012
18.25245499610901,15.544,3.552713678800501e-15
18.275490283966064,15.544,0.25
18.306289672851562,15.192,0.0
18.35424041748047,15.535999999999998,-0.3520000000000003
18.391517877578735,15.981999999999996,0.34399999999999764
18.43572211265564,15.637999999999998,0.44599999999999795
18.47536325454712,15.637999999999998,-0.34399999999999764
18.520238637924194,15.637999999999998,0.0
18.559531927108765,15.637999999999998,0.0
18.61401915550232,15.285999999999998,0.0
18.683258533477783,15.629999999999999,-0.3520000000000003
18.711795806884766,15.731999999999996,0.3440000000000012
18.73005485534668,15.731999999999996,0.10199999999999676
18.76813268661499,15.833999999999996,0.0
18.813570499420166,15.833999999999996,0.10200000000000031
18.851512908935547,15.936,0.0
18.903331756591797,15.583999999999996,0.10200000000000387
18.96776819229126,15.936,-0.35200000000000387
19.002349615097046,15.583999999999996,0.35200000000000387
19.021126747131348,15.936,-0.35200000000000387
19.069323539733887,15.833999999999996,0.35200000000000387
19.106374979019165,15.834,-0.10200000000000387
19.143362522125244,15.833999999999996,3.552713678800501e-15
19.198362827301025,15.739999999999998,-3.552713678800501e-15
19.261433601379395,15.739999999999998,-0.09399999999999764
19.287336826324463,15.841999999999999,0.0
19.312321662902832,15.922,0.10200000000000031
19.351070165634155,15.82,0.08000000000000185
19.41049361228943,15.82,-0.10200000000000031
19.460965156555176,15.718,0.0
19.486522912979126,15.271999999999998,-0.10200000000000031
19.51981806755066,15.543999999999997,-0.4460000000000015
19.564955234527588,15.543999999999997,0.27199999999999847
19.605535745620728,15.544,0.0
19.649091005325317,15.544,3.552713678800501e-15
19.687678575515747,15.544,0.0
19.72747802734375,15.442,0.0
19.771666049957275,15.442,-0.10200000000000031
19.813750505447388,15.785999999999998,0.0
19.855774641036987,15.442,0.34399999999999764
19.896848440170288,15.785999999999998,-0.34399999999999764
19.93964385986328,15.442,0.34399999999999764
19.981244802474976,15.543999999999997,-0.34399999999999764
20.024380922317505,15.293999999999997,0.10199999999999676
20.064302444458008,15.637999999999998,-0.25
20.103613138198853,15.294,0.3440000000000012
20.14823293685913,15.637999999999998,-0.34399999999999764
20.188089609146118,15.285999999999998,0.34399999999999764
20.241291761398315,15.285999999999998,-0.3520000000000003
20.308550596237183,15.285999999999998,0.0
20.342944622039795,15.731999999999996,0.0
20.36162281036377,15.387999999999998,0.44599999999999795
20.409748077392578,15.294,-0.34399999999999764
20.470977544784546,15.2,-0.09399999999999764
20.49053144454956,14.856000000000002,-0.0940000000000012
20.525174856185913,14.41,-0.34399999999999764
20.565019607543945,14.503999999999998,-0.4460000000000015
20.617883443832397,14.503999999999998,0.09399999999999764
20.664968729019165,14.503999999999998,0.0
20.692615509033203,14.847999999999999,0.0
20.73279619216919,15.192,0.3440000000000012
20.775843381881714,15.097999999999999,0.3440000000000012
20.816296100616455,15.442,-0.0940000000000012
20.855794668197632,15.785999999999998,0.3440000000000012
20.90242648124695,15.535999999999998,0.34399999999999764
20.951980113983154,15.535999999999998,-0.25
21.01648783683777,15.981999999999996,0.0
21.043304920196533,15.637999999999998,0.44599999999999795
21.06852078437805,15.637999999999998,-0.34399999999999764
21.1078040599823,15.989999999999998,0.0
21.151602506637573,16.092,0.3520000000000003
21.191376447677612,16.092,0.10200000000000031
21.23238229751587,16.538,0.0
21.27534246444702,16.288,0.4460000000000015
21.31748104095459,16.288,-0.25
21.360015869140625,15.841999999999999,0.0
21.429837465286255,15.740000000000002,-0.4460000000000015
21.479622840881348,15.564,-0.10199999999999676
21.49746346473694,15.564,-0.17600000000000193
21.523720502853394,15.211999999999996,0.0
21.568552017211914,15.657999999999998,-0.35200000000000387
21.607910871505737,15.759999999999998,0.4460000000000015
21.651612997055054,15.583999999999996,0.10200000000000031
21.691486835479736,15.936,-0.17600000000000193
21.735156059265137,15.936,0.35200000000000387
21.775867462158203,15.936,0.0
21.829951286315918,15.936,0.0
21.906679153442383,16.288,0.0
21.926801681518555,16.288,0.3520000000000003
21.948315143585205,16.538,0.0
21.985890865325928,16.436,0.25
22.027382850646973,16.436,-0.10200000000000031
22.067821264266968,16.436,0.0
22.111736297607422,16.436,0.0
22.151682138442993,16.538,0.0
22.195356130599976,16.538,0.10200000000000031
22.249536752700806,16.186,0.0
22.324833154678345,15.834,-0.3520000000000003
22.349371671676636,15.387999999999998,-0.3520000000000003
22.37176012992859,14.942,-0.4460000000000015
22.403338193893433,14.692,-0.44599999999999795
22.44606852531433,14.942,-0.25
22.487592697143555,14.847999999999999,0.25
22.535582542419434,14.942,-0.0940000000000012
22.59092617034912,15.285999999999998,0.0940000000000012
22.63240337371826,15.192,0.34399999999999764
22.657676458358765,14.847999999999999,-0.09399999999999764
22.69640278816223,15.192,-0.3440000000000012
22.735410690307617,15.192,0.3440000000000012
22.787900924682617,14.942,0.0
22.83604383468628,14.942,-0.25
22.872058153152466,15.035999999999998,0.0
22.90452551841736,14.692,0.09399999999999764
22.95587158203125,14.597999999999999,-0.34399999999999764
23.00266146659851,14.677999999999997,-0.0940000000000012
23.030056476593018,14.677999999999997,0.0799999999999983
23.07215666770935,14.584,0.0
23.112934827804565,14.678,-0.09399999999999764
23.15715718269348,14.771999999999998,0.0940000000000012
23.19675040245056,14.692,0.09399999999999764
23.24956488609314,15.035999999999998,-0.0799999999999983
23.320953369140625,15.379999999999999,0.34399999999999764
23.353062629699707,15.459999999999997,0.3440000000000012
23.37270450592041,15.459999999999997,0.0799999999999983
23.404180765151978,15.46,0.0
23.448453664779663,15.21,3.552713678800501e-15
23.48773169517517,14.96,-0.25
23.531670570373535,14.879999999999999,-0.25
23.57263469696045,14.879999999999999,-0.08000000000000185
23.616417407989502,15.231999999999996,0.0
23.655511140823364,15.583999999999996,0.35199999999999676
23.700814247131348,15.833999999999996,0.3520000000000003
23.739405155181885,16.186,0.25
23.78028178215027,16.538,0.35200000000000387
23.82477116584778,16.538,0.3520000000000003
23.873571157455444,16.538,0.0
23.919721126556396,16.288,0.0
23.95502018928528,15.936,-0.25
24.000924110412598,15.584,-0.3520000000000003
24.051795482635498,15.583999999999996,-0.3520000000000003
24.08164119720459,15.583999999999996,-3.552713678800501e-15
24.116431713104248,15.583999999999996,0.0
24.165225982666016,15.583999999999996,0.0
24.213974952697754,15.936,0.0
24.239355087280273,15.936,0.35200000000000387
24.294074773788452,15.759999999999998,0.0
24.3511381149292,16.112000000000002,-0.17600000000000193
24.37477684020996,16.558,0.35200000000000387
24.408454656600952,16.112000000000002,0.44599999999999795
24.448521375656128,15.844000000000001,-0.44599999999999795
24.490350246429443,15.918,-0.2680000000000007
24.533461809158325,15.918,0.07399999999999807
24.57883310317993,15.471999999999998,0.0
24.617634534835815,15.565999999999999,-0.4460000000000015
24.660701751708984,15.927999999999997,0.0940000000000012
24.701613664627075,16.029999999999998,0.3619999999999983
24.744330167770386,16.029999999999998,0.10200000000000031
24.785125017166138,16.029999999999998,0.0
24.841872692108154,16.296,0.0
24.888161659240723,16.202,0.2660000000000018
24.91174864768982,16.296,-0.09399999999999764
24.952940464019775,15.943999999999999,0.09399999999999764
24.991400957107544,16.296,-0.3520000000000003
25.03488802909851,16.381999999999998,0.3520000000000003
25.08876061439514,16.476,0.08599999999999852
25.134413719177246,16.381999999999998,0.0940000000000012
25.161226272583008,16.734,-0.0940000000000012
25.20844030380249,16.558,0.35200000000000387
25.244176387786865,16.558,-0.17600000000000193
25.284738540649414,16.464000000000002,0.0
25.330066919326782,16.558,-0.09399999999999764
25.367465257644653,16.558,0.09399999999999764
25.41313862800598,16.828,0.0
25.45321011543274,16.922,0.2699999999999996
25.496617794036865,16.922,0.0940000000000012
25.53638792037964,16.476,0.0
25.590722799301147,16.476,-0.4460000000000015
25.64465022087097,16.381999999999998,0.0
25.67016077041626,16.112000000000002,-0.0940000000000012
25.708881855010986,16.112000000000002,-0.269999999999996
25.74219059944153,16.464000000000002,0.0
25.787527322769165,16.558,0.3520000000000003
25.829128742218018,16.206,0.09399999999999764
25.87193775177002,16.114,-0.3520000000000003
25.91305923461914,16.208,-0.09199999999999875
25.95150399208069,16.302,0.09399999999999764
26.005338668823242,16.302,0.0940000000000012
26.071784734725952,16.478,0.0
26.10202717781067,16.746000000000002,0.17600000000000193
26.123250484466553,16.652,0.2680000000000007
26.171762466430664,16.558,-0.0940000000000012
26.220612049102783,16.464000000000002,-0.0940000000000012
26.24920630455017,16.554,-0.09399999999999764
26.297518014907837,16.648,0.0899999999999963
26.339097023010254,16.648,0.0940000000000012
26.372222423553467,16.741999999999997,0.0
26.413090467453003,16.656,0.09399999999999764
26.47808337211609,16.836,-0.08599999999999852
26.529810667037964,16.741999999999997,0.17999999999999972
26.553781509399414,16.836,-0.0940000000000012
26.58054780960083,16.836000000000002,0.0940000000000012
26.623679161071777,16.922,3.552713678800501e-15
26.66410255432129,16.922,0.08599999999999852
26.7039954662323,16.922,0.0
26.748377561569214,16.922,0.0
26.78764510154724,16.741999999999997,0.0
26.832558631896973,16.741999999999997,-0.18000000000000327
26.87144637107849,16.648,0.0
26.923018217086792,16.648,-0.09399999999999764
26.977125644683838,16.201999999999998,0.0
27.01932644844055,16.381999999999998,-0.4460000000000015
27.043280363082886,16.476,0.17999999999999972
27.08182978630066,16.476,0.0940000000000012
27.138144493103027,16.476,0.0
27.199719667434692,16.828,0.0
27.221288442611694,16.734,0.3520000000000003
27.24859356880188,16.734,-0.09399999999999764
27.291690349578857,16.734,0.0
27.33176350593567,16.734,0.0
27.371520042419434,16.466,0.0
27.41702961921692,16.466,-0.2680000000000007
27.45565938949585,16.372,0.0
27.499500036239624,16.372,-0.0940000000000012
27.539677381515503,16.372,0.0
27.58464217185974,16.64,0.0
27.63424849510193,16.464000000000002,0.2680000000000007
27.680408477783203,16.464000000000002,-0.17599999999999838
27.71019697189331,16.464000000000002,0.0
27.74954915046692,16.464000000000002,0.0
27.79173707962036,16.112000000000002,0.0
27.84714150428772,16.288,-0.3520000000000003
27.918299436569214,16.288,0.17599999999999838
27.94732356071472,16.016,0.0
27.965476274490356,15.663999999999998,-0.272000000000002
28.000789403915405,15.914000000000001,-0.3520000000000003
28.04392981529236,15.913999999999998,0.25000000000000355
28.08373475074768,15.913999999999998,-3.552713678800501e-15
28.131880283355713,15.833999999999996,0.0
28.184489727020264,16.186,-0.08000000000000185
28.22294020652771,16.186,0.35200000000000387
28.253764867782593,16.186,0.0
28.291550874710083,15.739999999999998,0.0
28.336289882659912,16.092,-0.4460000000000015
28.3753662109375,15.916,0.3520000000000003
28.4199001789093,16.018,-0.17599999999999838
28.463183641433716,15.666,0.10200000000000031
28.500298261642456,16.112000000000002,-0.3520000000000003
28.54382014274597,16.112000000000002,0.4460000000000015
28.613396167755127,15.936,0.0
28.680352210998535,15.936,-0.17600000000000193
28.71508026123047,16.288,0.0
28.74349021911621,16.288,0.3520000000000003
28.77228355407715,16.288,0.0
28.804657697677612,16.64,0.0
28.836971282958984,16.64,0.3520000000000003
28.88382363319397,16.734,0.0
28.919933557510376,16.381999999999998,0.0940000000000012
28.968310832977295,16.381999999999998,-0.35200000000000387
29.005297422409058,16.476,0.0
29.045202016830444,16.124,0.0940000000000012
29.088693141937256,16.029999999999998,-0.3520000000000003
29.13678216934204,16.279999999999998,-0.0940000000000012
29.190661191940308,16.012,0.25
29.221470832824707,15.918,-0.26799999999999713
29.253034591674805,16.27,-0.0940000000000012
29.296244859695435,15.918,0.3520000000000003
29.33591604232788,16.02,-0.3520000000000003
29.380202293395996,16.288,0.10200000000000031
29.419544219970703,16.02,0.2680000000000007
29.465877294540405,16.02,-0.2680000000000007
29.50576615333557,16.372,0.0
29.546080589294434,16.02,0.3520000000000003
29.589672088623047,16.02,-0.3520000000000003
29.632251501083374,16.288,0.0
29.67314648628235,16.288,0.2680000000000007
29.714428901672363,15.936,0.0
29.761568307876587,16.288,-0.3520000000000003
29.810316801071167,16.288,0.3520000000000003
29.86933398246765,16.288,0.0
29.89619207382202,15.936,0.0
29.92408061027527,16.288,-0.3520000000000003
29.965266227722168,16.288,0.3520000000000003
30.004753828048706,15.936,0.0
30.048982858657837,15.936,-0.3520000000000003
30.086233139038086,16.288,0.0
30.132545232772827,16.186,0.3520000000000003
30.172690868377686,15.833999999999996,-0.10200000000000031
30.21541690826416,16.186,-0.35200000000000387
30.256179094314575,16.186,0.35200000000000387
30.295483112335205,16.186,0.0
30.33985161781311,15.936,0.0
30.381526947021484,15.936,-0.25
30.424359798431396,15.759999999999998,0.0
30.465888500213623,15.759999999999998,-0.17600000000000193
30.510419607162476,15.759999999999998,0.0
30.549344062805176,16.112000000000002,0.0
30.592968702316284,16.112000000000002,0.35200000000000387
30.634344816207886,16.288,0.0
30.67231035232544,15.936,0.17599999999999838
30.720133543014526,16.029999999999998,-0.3520000000000003
30.75758719444275,15.677999999999997,0.09399999999999764
30.80067467689514,15.678,-0.3520000000000003
30.84094524383545,15.501999999999999,3.552713678800501e-15
30.88605237007141,15.854,-0.17600000000000193
30.924400806427002,15.759999999999998,0.3520000000000003
30.973788738250732,16.009999999999998,-0.0940000000000012
31.009522914886475,16.362000000000002,0.25
31.072120666503906,16.538,0.35200000000000387
31.112587690353394,16.186,0.17599999999999838
31.14121103286743,15.833999999999996,-0.3520000000000003
31.185691833496094,15.490000000000002,-0.35200000000000387
31.225904941558838,15.489999999999998,-0.3439999999999941
31.261556148529053,15.043999999999997,-3.552713678800501e-15
31.307393312454224,15.395999999999997,-0.4460000000000015
31.358358144760132,15.395999999999997,0.3520000000000003
31.386463165283203,15.841999999999999,0.0
31.423558235168457,15.841999999999999,0.4460000000000015
31.468199014663696,16.112000000000002,0.0
31.509284257888794,15.666,0.2700000000000031
31.564417600631714,15.572,-0.4460000000000015
31.621846437454224,15.220000000000002,-0.0940000000000012
31.65642786026001,14.868000000000002,-0.35199999999999676
31.677494049072266,15.043999999999997,-0.3520000000000003
31.720337629318237,15.387999999999998,0.17599999999999483
31.76171612739563,15.833999999999996,0.3440000000000012
31.800726652145386,16.186,0.44599999999999795
31.844576597213745,16.092,0.35200000000000387
31.885701894760132,15.989999999999998,-0.0940000000000012
31.928440809249878,15.990000000000002,-0.10200000000000031
31.968605041503906,15.989999999999998,3.552713678800501e-15
32.01404547691345,15.989999999999998,-3.552713678800501e-15
32.05077075958252,15.989999999999998,0.0
32.09210419654846,15.739999999999998,0.0
32.13710021972656,15.490000000000002,-0.25
32.17581653594971,15.489999999999998,-0.24999999999999645
32.22044801712036,15.489999999999998,-3.552713678800501e-15
32.261863708496094,15.583999999999996,0.0
32.30435824394226,15.936,0.09399999999999764
32.34500074386597,15.936,0.35200000000000387
32.38706922531128,15.936,0.0
32.42954063415527,15.583999999999996,0.0
32.466702461242676,15.936,-0.35200000000000387
32.51308226585388,15.583999999999996,0.35200000000000387
32.55194807052612,15.936,-0.35200000000000387
32.60393929481506,15.489999999999998,0.35200000000000387
32.65358567237854,15.396,-0.4460000000000015
32.69767212867737,14.95,-0.09399999999999764
32.720505237579346,14.95,-0.4460000000000015
32.7660927772522,14.503999999999998,0.0
32.80466985702515,14.597999999999999,-0.4460000000000015
32.84468913078308,14.597999999999999,0.0940000000000012
32.888930559158325,14.692,0.0
32.9350860118866,14.597999999999999,0.0940000000000012
32.98922562599182,14.597999999999999,-0.0940000000000012
33.02089977264404,14.949999999999996,0.0
33.06575012207031,14.949999999999996,0.35199999999999676
33.10649394989014,14.95,0.0
33.14002013206482,14.95,3.552713678800501e-15
33.181986570358276,15.044,0.0
33.219517946243286,14.597999999999999,0.0940000000000012
33.266300201416016,14.692,-0.4460000000000015
33.30289602279663,14.692,0.0940000000000012
33.34757661819458,14.692,0.0
33.387866735458374,14.692,0.0
33.43287682533264,15.137999999999998,0.0
33.47144389152527,15.387999999999998,0.44599999999999795
33.51682162284851,15.637999999999998,0.25
33.569419384002686,15.732,0.25
33.61690926551819,15.637999999999998,0.0940000000000012
33.66050434112549,15.285999999999998,-0.0940000000000012
33.687819719314575,14.942,-0.3520000000000003
33.72360801696777,14.692,-0.34399999999999764
33.765339612960815,14.942,-0.25
33.80947780609131,15.285999999999998,0.25
33.847777128219604,15.192,0.34399999999999764
33.892085790634155,15.535999999999998,-0.09399999999999764
33.932655811309814,15.785999999999998,0.34399999999999764
33.971930265426636,15.442,0.25
34.01619791984558,15.192,-0.34399999999999764
34.0737886428833,15.637999999999998,-0.25
34.11870741844177,15.387999999999998,0.44599999999999795
34.14806866645813,15.217999999999996,-0.25
34.18375062942505,15.217999999999996,-0.1700000000000017
34.22357106208801,15.124000000000002,0.0
34.28347063064575,14.678,-0.09399999999999409
34.33876299858093,14.584,-0.4460000000000015
34.366371393203735,14.583999999999996,-0.0940000000000012
34.39378309249878,14.583999999999996,-3.552713678800501e-15
34.45129919052124,14.584,0.0
34.498671770095825,14.584,3.552713678800501e-15
34.52154755592346,14.584,0.0
34.5620903968811,14.41,0.0
34.599961280822754,14.308,-0.1739999999999995
34.63974905014038,14.482,-0.10200000000000031
34.68389129638672,14.482,0.1739999999999995
34.72989344596863,14.306000000000001,0.0
34.8031439781189,14.033999999999999,-0.17599999999999838
34.82769751548767,14.033999999999999,-0.272000000000002
34.853724241256714,13.758,0.0
34.90448975563049,13.758000000000003,-0.2759999999999998
34.959118366241455,13.934000000000001,3.552713678800501e-15
34.98500323295593,14.104000000000003,0.17599999999999838
35.0166802406311,14.206,0.1700000000000017
35.06142783164978,13.859999999999996,0.10199999999999676
35.100409507751465,13.588000000000001,-0.34600000000000364
35.14489269256592,13.486,-0.2719999999999949
35.18473815917969,13.485999999999997,-0.10200000000000031
35.228339195251465,13.384,-3.552713678800501e-15
35.282185077667236,13.384,-0.10199999999999676
35.33913326263428,13.110000000000003,0.0
35.370144844055176,12.666000000000004,-0.27399999999999736
35.39389729499817,12.32,-0.44399999999999906
35.43748950958252,12.150000000000002,-0.34600000000000364
35.48716473579407,12.496000000000002,-0.16999999999999815
35.543028354644775,12.594000000000001,0.3460000000000001
35.56761956214905,12.692,0.09799999999999898
35.6020073890686,12.867999999999999,0.09799999999999898
35.646477460861206,12.594000000000001,0.17599999999999838
35.68884229660034,12.149999999999999,-0.27399999999999736
35.73583126068115,12.052,-0.4440000000000026
35.789316177368164,11.954,-0.09799999999999898
35.8254828453064,11.778000000000002,-0.09799999999999898
35.85103130340576,11.876000000000005,-0.17599999999999838
35.89720344543457,11.620000000000005,0.09800000000000253
35.936389684677124,11.619999999999997,-0.2560000000000002
35.98017144203186,11.619999999999997,-7.105427357601002e-15
36.0189905166626,11.174000000000003,0.0
36.06434154510498,11.174,-0.4459999999999944
36.10334253311157,11.082,-3.552713678800501e-15
36.15510702133179,11.082,-0.09199999999999875
36.22180914878845,11.082,0.0
36.25170135498047,11.527999999999999,0.0
36.2727415561676,11.528000000000002,0.44599999999999795
36.32522630691528,11.876000000000005,3.552713678800501e-15
36.36141920089722,11.875999999999998,0.34800000000000253
36.39872741699219,11.974,-7.105427357601002e-15
36.44120407104492,11.876000000000001,0.09800000000000253
36.47984743118286,11.43,-0.09799999999999898
36.52068328857422,11.082,-0.4460000000000015
36.56503701210022,11.082,-0.347999999999999
36.6110577583313,10.983999999999998,0.0
36.678412437438965,10.983999999999998,-0.09800000000000253
36.712276220321655,10.984000000000002,0.0
36.73329734802246,11.43,3.552713678800501e-15
36.78620100021362,11.43,0.44599999999999795
36.82985329627991,11.082,0.0
36.855926275253296,10.908000000000001,-0.347999999999999
36.91645956039429,11.255999999999997,-0.1739999999999995
36.96406102180481,11.157999999999998,0.3479999999999954
36.98978018760681,10.810000000000002,-0.09799999999999898
37.025619983673096,10.810000000000002,-0.3479999999999954
37.06613302230835,10.984000000000002,0.0
37.133041858673096,10.636000000000003,0.1739999999999995
37.1673629283905,10.288,-0.347999999999999
37.19021654129028,10.636000000000003,-0.34800000000000253
37.23215651512146,10.636000000000003,0.34800000000000253
37.272708892822266,10.636000000000003,0.0
37.316991329193115,10.636000000000003,0.0
37.35484600067139,10.984000000000002,0.0
37.40164232254028,10.983999999999998,0.347999999999999
37.450154304504395,10.984000000000002,-3.552713678800501e-15
37.49945950508118,10.984000000000002,3.552713678800501e-15
37.5382354259491,11.332,0.0
37.56752586364746,10.984000000000002,0.347999999999999
37.608611822128296,10.636000000000003,-0.347999999999999
37.660319328308105,10.984000000000002,-0.347999999999999
37.72124934196472,10.983999999999998,0.347999999999999
37.74391174316406,10.983999999999998,-3.552713678800501e-15
37.77943563461304,11.43,0.0
37.81672406196594,11.43,0.4460000000000015
37.86036729812622,11.528000000000002,0.0
37.90040063858032,11.528000000000002,0.09800000000000253
37.954874753952026,11.527999999999999,0.0
38.011492013931274,11.43,-3.552713678800501e-15
38.03560447692871,11.876000000000001,-0.09799999999999898
38.06946516036987,11.778000000000002,0.4460000000000015
38.11911869049072,11.876000000000005,-0.09799999999999898
38.15639328956604,11.875999999999998,0.09800000000000253
38.19379734992981,12.046,-7.105427357601002e-15
38.23538160324097,11.948,0.1700000000000017
38.27703619003296,12.046,-0.09799999999999898
38.328237533569336,12.046000000000003,0.09799999999999898
38.369372844696045,12.143999999999998,3.552713678800501e-15
38.42240357398987,12.072000000000003,0.09799999999999542
38.44912338256836,12.072000000000003,-0.07199999999999562
38.48321795463562,12.072000000000003,0.0
38.52884316444397,12.072000000000003,0.0
38.56894302368164,12.072,0.0
38.61286735534668,12.344000000000001,-3.552713678800501e-15
38.65069103240967,12.442,0.272000000000002
38.692994356155396,12.788,0.09799999999999898
38.73598790168762,13.134,0.3460000000000001
38.78630590438843,13.48,0.3460000000000001
38.84109425544739,13.553999999999998,0.3460000000000001
38.87251901626587,13.554000000000002,0.07399999999999807
38.903913497924805,13.302000000000003,3.552713678800501e-15
38.946065187454224,12.956,-0.2519999999999989
38.98722529411316,13.058,-0.34600000000000364
39.03829264640808,13.160000000000004,0.10200000000000031
39.09367299079895,13.506,0.10200000000000387
39.126498222351074,13.86,0.34599999999999653
39.15333127975464,14.131999999999998,0.3539999999999992
39.19732975959778,14.131999999999998,0.27199999999999847
39.23549032211304,14.030000000000001,0.0
39.280601024627686,14.029999999999998,-0.10199999999999676
39.319156885147095,13.928,-3.552713678800501e-15
39.37342858314514,14.104,-0.10199999999999676
39.438169956207275,14.104000000000003,0.17599999999999838
39.46904683113098,14.206,3.552713678800501e-15
39.492778062820435,14.308,0.10199999999999676
39.52892541885376,14.753999999999998,0.10200000000000031
39.572413206100464,14.753999999999998,0.44599999999999795
39.61202836036682,14.753999999999998,0.0
39.65680289268494,14.753999999999998,0.0
39.69707632064819,14.753999999999998,0.0
39.73605275154114,14.41,0.0
39.790743827819824,14.41,-0.34399999999999764
39.846049308776855,14.41,0.0
39.88627886772156,14.753999999999998,0.0
39.90739917755127,14.753999999999998,0.34399999999999764
39.962443590164185,15.097999999999999,0.0
40.00861215591431,15.097999999999999,0.3440000000000012
40.03618597984314,15.097999999999999,0.0
40.07286715507507,15.097999999999999,0.0
40.11290502548218,15.097999999999999,0.0
40.16106152534485,15.097999999999999,0.0
40.19868326187134,15.097999999999999,0.0
40.23946928977966,15.097999999999999,0.0
40.283326625823975,15.097999999999999,0.0
40.32514476776123,15.097999999999999,0.0
40.36413025856018,15.097999999999999,0.0
40.41283893585205,15.192,0.0
40.447508335113525,15.285999999999998,0.0940000000000012
40.48738646507263,14.942,0.09399999999999764
40.5357129573822,14.942,-0.34399999999999764
40.572067737579346,14.942,0.0
40.61619281768799,14.847999999999999,0.0
40.65708804130554,15.097999999999999,-0.0940000000000012
40.70712399482727,15.097999999999999,0.25
40.75807762145996,15.097999999999999,0.0
40.78620886802673,14.753999999999998,0.0
40.823627948760986,14.753999999999998,-0.3440000000000012
40.864563941955566,14.41,0.0
40.90933966636658,14.41,-0.34399999999999764
40.95001840591431,14.477999999999998,0.0
40.993635177612305,14.477999999999998,0.06799999999999784
41.03356957435608,14.478000000000002,0.0
41.086392879486084,14.822,3.552713678800501e-15
41.136117458343506,14.822,0.34399999999999764
41.16424250602722,14.753999999999998,0.0
41.19973087310791,14.753999999999998,-0.06800000000000139
41.24006795883179,14.651999999999997,0.0
41.28378081321716,14.308,-0.10200000000000031
41.32314109802246,14.206,-0.34399999999999764
41.37382626533508,14.206,-0.10200000000000031
41.44510626792908,14.206,0.0
41.46674633026123,14.206,0.0
41.50009059906006,14.103999999999996,0.0
41.53583550453186,13.758,-0.10200000000000387
41.58246946334839,13.758,-0.34599999999999653
41.61646795272827,13.655999999999999,0.0
41.660210847854614,13.758,-0.10200000000000031
41.69966006278992,13.411999999999999,0.10200000000000031
41.7441201210022,13.411999999999999,-0.3460000000000001
41.78362274169922,13.310000000000002,0.0
41.82757782936096,13.309999999999999,-0.10199999999999676
41.86750888824463,13.208000000000002,-3.552713678800501e-15
41.91286897659302,13.553999999999998,-0.10199999999999676
41.95116662979126,14.001999999999999,0.34599999999999653
41.99338364601135,14.104000000000003,0.4480000000000004
42.03724503517151,14.206,0.10200000000000387
42.077489614486694,14.308,0.10199999999999676
42.12152600288391,14.308,0.10200000000000031
42.16630411148071,14.205999999999996,0.0
42.217612743377686,14.104,-0.10200000000000387
42.26174521446228,14.001999999999999,-0.10199999999999676
42.287638902664185,13.648000000000003,-0.10200000000000031
42.32900857925415,13.396000000000004,-0.35399999999999565
42.36764121055603,13.143999999999998,-0.2519999999999989
42.412029504776,12.798000000000002,-0.252000000000006
42.45144963264465,12.452000000000002,-0.34599999999999653
42.496516704559326,12.704,-0.3460000000000001
42.53543710708618,13.058,0.2519999999999989
42.5800404548645,12.963999999999999,0.3539999999999992
42.62186098098755,12.964000000000002,-0.0940000000000012
42.66095232963562,12.963999999999999,3.552713678800501e-15
42.711902379989624,12.964000000000002,-3.552713678800501e-15
42.77666997909546,12.610000000000003,3.552713678800501e-15
42.80931782722473,12.704,-0.3539999999999992
42.832329750061035,13.050000000000004,0.09399999999999764
42.871583461761475,13.395999999999997,0.34600000000000364
42.916632890701294,13.143999999999998,0.345999999999993
42.95591163635254,13.497999999999998,-0.2519999999999989
42.996586084365845,13.75,0.3539999999999992
43.03676915168762,13.498000000000001,0.25200000000000244
43.08792304992676,13.599999999999998,-0.2519999999999989
43.11812901496887,13.954,0.10199999999999676
43.16507434844971,13.506,0.35400000000000276
43.20369005203247,13.607999999999997,-0.4480000000000004
43.25234389305115,13.962,0.10199999999999676
43.30669689178467,13.962,0.35400000000000276
43.33717179298401,13.962,0.0
43.3716299533844,14.41,0.0
43.41177988052368,14.41,0.4480000000000004
43.45578908920288,14.41,0.0
43.49637413024902,14.41,0.0
43.54777145385742,14.583999999999996,0.0
43.6019332408905,14.583999999999996,0.17399999999999594
43.6279501914978,14.482,0.0
43.66415286064148,14.482,-0.10199999999999676
43.72249698638916,14.55,0.0
43.78456521034241,14.274000000000001,0.06800000000000139
43.8144907951355,14.274000000000001,-0.2759999999999998
43.83124589920044,14.375999999999998,0.0
43.87209749221802,14.375999999999998,0.10199999999999676
43.91640663146973,14.651999999999997,0.0
43.95624017715454,14.651999999999997,0.2759999999999998
43.99981927871704,14.651999999999997,0.0
44.04130029678345,14.651999999999997,0.0
44.08345079421997,14.651999999999997,0.0
44.12416338920593,14.541999999999994,0.0
44.168097734451294,14.643999999999998,-0.11000000000000298
44.20890760421753,14.541999999999998,0.10200000000000387
44.248347997665405,14.541999999999998,-0.10200000000000031
44.29267883300781,14.541999999999998,0.0
44.33152413368225,14.206,0.0
44.37649583816528,14.103999999999996,-0.3359999999999985
44.41642117500305,13.758,-0.10200000000000387
44.46128845214844,13.310000000000002,-0.34599999999999653
44.50025463104248,12.956,-0.44799999999999685
44.54166531562805,12.610000000000003,-0.35400000000000276
44.584147930145264,12.264000000000003,-0.34599999999999653
44.63250017166138,12.264000000000003,-0.3460000000000001
44.67958307266235,12.264000000000003,0.0
44.70826697349548,12.516000000000002,0.0
44.75514340400696,12.516000000000002,0.2519999999999989
44.79804491996765,12.516000000000002,0.0
44.83803582191467,12.515999999999998,0.0
44.87483787536621,12.862000000000002,-3.552713678800501e-15
44.916139125823975,12.516000000000002,0.34600000000000364
44.960156202316284,12.516000000000002,-0.3460000000000001
45.00038290023804,12.515999999999998,0.0
45.044251441955566,12.862000000000002,-3.552713678800501e-15
45.08358716964722,12.516000000000002,0.34600000000000364
45.128283739089966,12.516000000000002,-0.3460000000000001
45.1673846244812,12.515999999999998,0.0
45.208574056625366,12.516000000000002,-3.552713678800501e-15
45.25151443481445,12.170000000000002,3.552713678800501e-15
45.292261838912964,12.170000000000002,-0.3460000000000001
45.33676528930664,12.170000000000002,0.0
45.3803985118866,12.072000000000003,0.0
45.421298027038574,11.974,-0.09799999999999898
45.46319770812988,11.875999999999998,-0.09800000000000253
45.505478382110596,11.876000000000001,-0.09800000000000253
45.54674673080444,11.876000000000005,3.552713678800501e-15
45.584229946136475,11.876000000000005,3.552713678800501e-15
45.62825846672058,11.875999999999998,0.0
45.667468547821045,11.875999999999998,-7.105427357601002e-15
45.7214241027832,11.777999999999999,0.0
45.788084745407104,11.68,-0.09799999999999898
45.81381368637085,11.574000000000002,-0.09799999999999898
45.835838079452515,11.574000000000002,-0.1059999999999981
45.879868030548096,11.574000000000002,0.0
45.91907525062561,11.574000000000002,0.0
45.96974205970764,11.574000000000002,0.0
46.02126169204712,11.68,0.0
46.05471730232239,11.574000000000002,0.1059999999999981
46.08765959739685,11.226000000000006,-0.1059999999999981
46.1280951499939,11.120000000000005,-0.3479999999999954
46.17121982574463,11.014,-0.10600000000000165
46.21171951293945,10.907999999999998,-0.1060000000000052
46.25629425048828,11.014,-0.10600000000000165
46.29866671562195,11.256,0.10600000000000165
46.33594250679016,11.256,0.24200000000000088
46.379926681518555,10.916000000000004,0.0
46.41979384422302,10.916000000000004,-0.3399999999999963
46.47082471847534,10.469999999999999,0.0
46.52792835235596,10.469999999999999,-0.44600000000000506
46.57157778739929,10.129999999999999,0.0
46.59907579421997,10.357999999999997,-0.33999999999999986
46.63028693199158,10.017999999999997,0.22799999999999798
46.67263436317444,10.245999999999999,-0.33999999999999986
46.71218538284302,9.800000000000004,0.22800000000000153
46.755499601364136,10.14,-0.4459999999999944
46.7976655960083,9.911999999999999,0.3399999999999963
46.84349298477173,10.252000000000002,-0.22800000000000153
46.8810760974884,10.023999999999997,0.3400000000000034
46.92499279975891,10.469999999999999,-0.2280000000000051
46.9688880443573,10.129999999999999,0.4460000000000015
47.00909948348999,10.469999999999999,-0.33999999999999986
47.04837369918823,10.129999999999999,0.33999999999999986
47.08843398094177,10.469999999999999,-0.33999999999999986
47.132482290267944,10.129999999999999,0.33999999999999986
47.18133592605591,10.469999999999999,-0.33999999999999986
47.22976899147034,10.470000000000002,0.33999999999999986
47.26560568809509,10.568000000000001,3.552713678800501e-15
47.29999876022339,10.456000000000003,0.09799999999999898
47.34924340248108,10.456,-0.11199999999999832
47.38752245903015,10.456,-3.552713678800501e-15
47.42452907562256,10.562000000000001,0.0
47.46448302268982,10.803999999999998,0.10600000000000165
47.52532386779785,10.916,0.24199999999999733
47.58661603927612,11.256,0.11200000000000188
47.614399671554565,11.532,0.33999999999999986
47.63645625114441,11.425999999999998,0.2759999999999998
47.67724370956421,11.425999999999998,-0.10600000000000165
47.71765089035034,11.532,0.0
47.75618362426758,11.532,0.10600000000000165
47.80491638183594,11.256,0.0
47.87867450714111,11.362000000000002,-0.2759999999999998
47.90259552001953,11.637999999999998,0.10600000000000165
47.925766468048096,11.532,0.27599999999999625
47.967596769332886,11.532,-0.1059999999999981
48.008605003356934,11.975999999999999,0.0
48.0591766834259,12.074000000000002,0.44399999999999906
48.109126329422,12.074000000000002,0.09800000000000253
48.14956307411194,12.404000000000003,0.0
48.177783250808716,12.510000000000002,0.33000000000000185
48.22633957862854,12.509999999999998,0.1059999999999981
48.280773639678955,12.411999999999999,-3.552713678800501e-15
48.311007022857666,12.579999999999998,-0.09799999999999898
48.344613552093506,12.693999999999999,0.16799999999999926
48.38349485397339,12.792000000000002,0.11400000000000077
48.42911505699158,12.792000000000002,0.09800000000000253
48.46754813194275,13.066000000000003,0.0
48.5082631111145,12.826,0.2740000000000009
48.55158019065857,12.488000000000003,-0.240000000000002
48.592262744903564,12.39,-0.3379999999999974
48.635764598846436,12.389999999999997,-0.09800000000000253
48.67881941795349,12.559999999999999,-3.552713678800501e-15
48.72893977165222,12.905999999999999,0.1700000000000017
48.77820825576782,13.244,0.3460000000000001
48.821680545806885,13.582,0.33800000000000097
48.84802746772766,13.342000000000002,0.33800000000000097
48.88381862640381,12.996000000000002,-0.23999999999999844
48.94027519226074,12.744000000000003,-0.3460000000000001
48.99536108970642,12.744000000000003,-0.2519999999999989
49.02100086212158,12.744,0.0
49.051539182662964,12.984000000000002,-3.552713678800501e-15
49.10477876663208,13.330000000000002,0.240000000000002
49.169936418533325,13.236,0.3460000000000001
49.19718813896179,13.236,-0.0940000000000012
49.218092918395996,13.236,0.0
49.26936316490173,13.342000000000002,0.0
49.320990324020386,13.444000000000003,0.10600000000000165
49.34831714630127,13.79,0.10200000000000031
49.38860487937927,13.895999999999997,0.34599999999999653
49.42749905586243,14.001999999999999,0.1059999999999981
49.47956204414368,14.104,0.10600000000000165
49.53140950202942,14.001999999999999,0.10200000000000031
49.55687761306763,13.895999999999997,-0.10200000000000031
49.597517013549805,13.998000000000001,-0.10600000000000165
49.64994764328003,13.998000000000001,0.10200000000000387
49.68340539932251,13.998000000000001,0.0
49.720338582992554,13.998000000000001,0.0
49.76272201538086,14.206,0.0
49.80355405807495,14.104000000000003,0.2079999999999984
49.84809350967407,14.206,-0.10199999999999676
49.88776516914368,14.439999999999998,0.10199999999999676
49.931763887405396,14.439999999999998,0.2339999999999982
49.99079918861389,14.439999999999998,0.0
50.05554533004761,14.541999999999998,0.0
50.07981467247009,14.440000000000001,0.10200000000000031
50.10322022438049,14.206,-0.10199999999999676
50.140931129455566,14.206,-0.23400000000000176
50.18009090423584,14.55,0.0
50.22469425201416,14.55,0.3440000000000012
50.26408934593201,14.651999999999997,0.0
50.30470275878906,14.995999999999999,0.10199999999999676
50.34769034385681,14.995999999999999,0.3440000000000012
50.39799165725708,15.097999999999999,0.0
50.46512508392334,15.097999999999999,0.10200000000000031
50.49923753738403,15.097999999999999,0.0
50.51602029800415,14.988,0.0
50.564467906951904,15.089999999999996,-0.10999999999999943
50.61269950866699,14.643999999999998,0.10199999999999676
50.64385461807251,14.738,-0.44599999999999795
50.68099761009216,14.738,0.0940000000000012
50.72471880912781,14.503999999999998,0.0
50.763644218444824,14.503999999999998,-0.23400000000000176
50.80826210975647,14.401999999999997,0.0
50.84817957878113,14.375999999999998,-0.10200000000000031
50.892411947250366,14.375999999999998,-0.0259999999999998
50.93209218978882,14.469999999999999,0.0
50.97730731964111,14.368000000000002,0.0940000000000012
51.0169038772583,14.469999999999999,-0.10199999999999676
51.066025733947754,14.636,0.10199999999999676
51.11043953895569,14.729999999999997,0.16600000000000037
51.16082191467285,14.636000000000003,0.09399999999999764
51.1867413520813,14.636,-0.09399999999999409
51.224398612976074,14.636,-3.552713678800501e-15
51.267662048339844,14.495999999999999,0.0
51.30857491493225,14.401999999999997,-0.14000000000000057
51.36037635803223,14.745999999999999,-0.0940000000000012
51.40921139717102,14.847999999999999,0.3440000000000012
51.448102951049805,15.081999999999997,0.10200000000000031
51.47704315185547,14.987999999999996,0.2339999999999982
51.51543307304382,15.258,-0.0940000000000012
51.56048846244812,15.008,0.2700000000000031
51.599862813949585,15.008,-0.25
51.644176959991455,15.118000000000002,0.0
51.68419361114502,15.118000000000002,0.11000000000000298
51.72827458381653,15.192,0.0
51.77577066421509,15.097999999999999,0.07399999999999807
51.83471488952637,15.192,-0.0940000000000012
51.87553405761719,15.081999999999997,0.0940000000000012
51.90079998970032,15.081999999999997,-0.11000000000000298
51.946008920669556,14.738,0.0
51.98206973075867,14.738,-0.34399999999999764
52.0194730758667,14.643999999999998,0.0
52.059134006500244,14.41,-0.0940000000000012
52.1033616065979,14.308,-0.2339999999999982
52.14404010772705,14.401999999999997,-0.10200000000000031
52.18222403526306,14.401999999999997,0.09399999999999764
52.23696994781494,14.401999999999997,0.0
52.309704303741455,14.745999999999999,0.0
52.33548712730408,14.847999999999999,0.3440000000000012
52.3573157787323,14.753999999999998,0.10200000000000031
52.39451217651367,14.753999999999998,-0.0940000000000012
52.43568754196167,14.753999999999998,0.0
52.47997283935547,14.503999999999998,0.0
52.51937937736511,14.597999999999999,-0.25
52.570921182632446,14.495999999999999,0.0940000000000012
52.633832931518555,14.495999999999999,-0.10200000000000031
52.66650462150574,14.669999999999998,0.0
52.68782639503479,14.576,0.1739999999999995
52.729302167892456,14.482,-0.09399999999999764
52.77159142494202,14.928,-0.0940000000000012
52.811906576156616,14.928,0.4460000000000015
52.8514449596405,14.753999999999998,0.0
52.89779233932495,14.927999999999997,-0.17400000000000304
52.93418025970459,14.573999999999998,0.1739999999999995
52.98013615608215,14.229999999999997,-0.3539999999999992
53.020859718322754,14.23,-0.3440000000000012
53.06475353240967,14.23,3.552713678800501e-15
53.10543942451477,14.056000000000001,0.0
53.15672826766968,14.753999999999998,-0.1739999999999995
53.222434520721436,15.199999999999996,0.6979999999999968
53.2526319026947,15.199999999999996,0.44599999999999795
53.272491693496704,15.294,0.0
53.312843799591064,15.294,0.09400000000000475
53.355770111083984,14.95,0.0
53.39476466178894,14.503999999999998,-0.3440000000000012
53.43830943107605,14.503999999999998,-0.4460000000000015
53.5023295879364,14.41,0.0
53.55461859703064,14.41,-0.09399999999999764
53.576026916503906,14.308,0.0
53.604031801223755,14.401999999999997,-0.10200000000000031
53.659637689590454,14.401999999999997,0.09399999999999764
53.70777177810669,14.745999999999999,0.0
53.73180794715881,14.839999999999996,0.3440000000000012
53.77253079414368,14.942,0.09399999999999764
53.81543946266174,14.942,0.10200000000000387
53.85572671890259,14.942,0.0
53.909228563308716,14.597999999999999,0.0
53.963589668273926,14.949999999999996,-0.3440000000000012
53.99106407165527,15.293999999999997,0.35199999999999676
54.024654150009155,15.544,0.3440000000000012
54.07631826400757,15.637999999999998,0.25000000000000355
54.12792134284973,15.732,0.09399999999999764
54.150580167770386,15.285999999999998,0.0940000000000012
54.19312024116516,14.942,-0.4460000000000015
54.23155760765076,14.692,-0.34399999999999764
54.275564670562744,15.043999999999997,-0.25
54.32297205924988,14.949999999999996,0.35199999999999676
54.37193417549133,14.95,-0.0940000000000012
54.40836048126221,14.95,3.552713678800501e-15
54.4463050365448,14.856000000000002,0.0
54.48406744003296,14.41,-0.09399999999999764
54.524868965148926,14.41,-0.4460000000000015
54.5685772895813,14.41,0.0
54.608657360076904,14.41,0.0
54.6519992351532,14.41,0.0
54.7029230594635,14.41,0.0
54.75010848045349,14.643999999999998,0.0
54.77837777137756,14.737999999999996,0.2339999999999982
54.81551647186279,14.738,0.09399999999999764
54.85949969291687,14.832,3.552713678800501e-15
54.90787196159363,14.899999999999999,0.0940000000000012
54.97748780250549,14.665999999999997,0.06799999999999784
55.00660157203674,14.572,-0.23400000000000176
55.03032445907593,14.916,-0.09399999999999764
55.068891286849976,14.719999999999999,0.3440000000000012
55.108516454696655,14.651999999999997,-0.1960000000000015
55.151427268981934,14.651999999999997,-0.06800000000000139
55.19176936149597,14.651999999999997,0.0
55.23640441894531,14.206,0.0
55.27651262283325,14.308,-0.44599999999999795
55.31994986534119,14.401999999999997,0.10200000000000031
55.361403465270996,14.745999999999999,0.09399999999999764
55.40508008003235,14.745999999999999,0.3440000000000012
55.445700883865356,14.942,0.0
55.484700441360474,14.942,0.1960000000000015
55.528813123703,15.192,0.0
55.569580078125,14.847999999999999,0.25
55.61359214782715,14.847999999999999,-0.3440000000000012
55.65290665626526,15.097999999999999,0.0
55.69629955291748,15.442,0.25
55.73592019081116,15.097999999999999,0.3440000000000012
55.77789092063904,15.192,-0.3440000000000012
55.829302072525024,15.535999999999998,0.0940000000000012
55.88081407546997,15.535999999999998,0.34399999999999764
55.91816735267639,15.089999999999996,0.0
55.943608045578,15.433999999999997,-0.4460000000000015
55.9977445602417,15.339999999999996,0.3440000000000012
56.0423800945282,15.089999999999996,-0.0940000000000012
56.07589840888977,14.745999999999999,-0.25
56.11045050621033,15.192,-0.34399999999999764
56.15163731575012,14.847999999999999,0.4460000000000015
56.19491171836853,14.847999999999999,-0.3440000000000012
56.23607349395752,14.753999999999998,0.0
56.279497146606445,15.097999999999999,-0.0940000000000012
56.319225788116455,14.753999999999998,0.3440000000000012
56.37190818786621,14.753999999999998,-0.3440000000000012
56.4323832988739,14.753999999999998,0.0
56.472052812576294,14.753999999999998,0.0
56.49569582939148,14.308,0.0
56.535539865493774,14.308,-0.44599999999999795
56.57892298698425,14.308,0.0
56.614049196243286,14.308,0.0
56.65641474723816,14.308,0.0
56.695854902267456,14.41,0.0
56.74135088920593,14.41,0.10200000000000031
56.77858281135559,14.41,0.0
56.833229541778564,14.41,0.0
56.90547180175781,14.643999999999998,0.0
56.93146777153015,14.987999999999996,0.2339999999999982
56.95246720314026,15.161999999999999,0.34399999999999764
56.988361835479736,15.607999999999997,0.17400000000000304
57.03245687484741,15.951999999999998,0.44599999999999795
57.081796169281006,15.616,0.3440000000000012
57.13696098327637,15.271999999999998,-0.3359999999999985
57.1684627532959,15.442,-0.3440000000000012
57.20696544647217,15.089999999999996,0.1700000000000017
57.23966646194458,15.089999999999996,-0.35200000000000387
57.29116678237915,15.192,0.0
57.33727312088013,15.192,0.10200000000000387
57.363662004470825,14.745999999999999,0.0
57.40852761268616,14.651999999999997,-0.4460000000000015
57.44836163520813,14.308,-0.0940000000000012
57.50022268295288,14.308,-0.34399999999999764
57.543407917022705,14.308,0.0
57.58178949356079,14.41,0.0
57.624348163604736,14.308,0.10200000000000031
57.657028675079346,14.308,-0.10200000000000031
57.700708866119385,14.308,0.0
57.74834179878235,14.206,0.0
57.79222512245178,14.439999999999998,-0.10200000000000031
57.824615478515625,14.541999999999998,0.2339999999999982
57.87780714035034,14.636,0.10200000000000031
57.936506271362305,14.98,0.0940000000000012
57.96296572685242,15.082,0.3440000000000012
57.992751359939575,15.192,0.10200000000000031
58.03198480606079,15.192,0.10999999999999943
58.082908391952515,15.543999999999997,0.0
58.13160490989685,15.199999999999996,0.35199999999999676
58.160977602005005,15.2,-0.3440000000000012
58.20064187049866,14.753999999999998,3.552713678800501e-15
58.243513345718384,14.847999999999999,-0.4460000000000015
58.28322219848633,14.401999999999997,0.0940000000000012
58.32663106918335,14.3,-0.4460000000000015
58.36819672584534,14.643999999999998,-0.10199999999999676
58.40868902206421,15.089999999999996,0.34399999999999764
58.45140266418457,15.339999999999996,0.44599999999999795
58.49244451522827,15.339999999999996,0.25
58.54617118835449,15.535999999999998,0.0
58.594329833984375,15.192,0.1960000000000015
58.624507427215576,15.192,-0.34399999999999764
58.65987515449524,14.847999999999999,0.0
58.70020771026611,15.192,-0.3440000000000012
58.74410057067871,15.097999999999999,0.3440000000000012
58.784231662750244,15.442,-0.0940000000000012
58.82807683944702,15.097999999999999,0.3440000000000012
58.868210554122925,15.097999999999999,-0.3440000000000012
58.91023063659668,14.753999999999998,0.0
58.96126747131348,14.753999999999998,-0.3440000000000012
59.03021430969238,14.308,0.0
59.05906319618225,14.205999999999996,-0.44599999999999795
59.078291177749634,14.55,-0.10200000000000387
59.12104153633118,14.55,0.34400000000000475
59.15953350067139,14.55,0.0
59.212137937545776,14.651999999999997,0.0
59.27239513397217,14.651999999999997,0.10199999999999676
59.305269956588745,14.205999999999996,0.0
59.33027672767639,14.55,-0.4460000000000015
59.37285375595093,14.893999999999998,0.34400000000000475
59.41226267814636,14.893999999999998,0.34399999999999764
59.4612398147583,14.995999999999999,0.0
59.51394009590149,15.097999999999999,0.10200000000000031
59.549829721450806,14.753999999999998,0.10200000000000031
59.58084845542908,14.41,-0.3440000000000012
59.62754774093628,14.753999999999998,-0.34399999999999764
59.67220640182495,14.753999999999998,0.34399999999999764
59.7051305770874,15.199999999999996,0.0
59.75671434402466,15.199999999999996,0.44599999999999795
59.796456813812256,15.645999999999997,0.0
59.83352208137512,15.302,0.4460000000000015
59.87256860733032,15.302,-0.34399999999999764
59.911874532699585,14.856000000000002,0.0
59.95563864707947,14.856000000000002,-0.44599999999999795
59.99686551094055,14.753999999999998,0.0
60.03930926322937,14.847999999999999,-0.10200000000000387
60.09431195259094,15.192,0.0940000000000012
60.138400077819824,15.192,0.3440000000000012
60.162211894989014,15.637999999999998,0.0
60.204336643218994,15.293999999999997,0.44599999999999795
60.25063371658325,15.544,-0.3440000000000012
60.288145303726196,15.544,0.25000000000000355
60.33019995689392,15.544,0.0
60.387813091278076,14.995999999999999,0.0
60.44642376899719,14.995999999999999,-0.5480000000000018
60.465734004974365,14.651999999999997,0.0
60.499616622924805,14.308,-0.3440000000000012
60.54227566719055,14.308,-0.34399999999999764
60.57936501502991,14.41,0.0
60.62588381767273,14.41,0.10200000000000031
60.67208170890808,14.41,0.0
60.73220944404602,14.753999999999998,0.0
60.7640483379364,15.097999999999999,0.34399999999999764
60.791691064834595,15.097999999999999,0.3440000000000012
60.83155035972595,15.097999999999999,0.0
60.87361168861389,15.442,0.0
60.92300248146057,15.097999999999999,0.3440000000000012
60.97490572929382,15.097999999999999,-0.3440000000000012
61.00948786735535,14.995999999999999,0.0
61.041274309158325,15.339999999999996,-0.10200000000000031
61.083964109420776,14.893999999999998,0.34399999999999764
61.124982595443726,15.238,-0.44599999999999795
61.16770076751709,14.893999999999998,0.3440000000000012
61.20862054824829,14.995999999999999,-0.3440000000000012
61.247668981552124,14.995999999999999,0.10200000000000031
61.29268932342529,15.097999999999999,0.0
61.33153748512268,14.753999999999998,0.10200000000000031
61.37599468231201,14.753999999999998,-0.3440000000000012
61.416393756866455,14.753999999999998,0.0
61.4590904712677,14.503999999999998,0.0
61.49931740760803,14.503999999999998,-0.25
61.545827865600586,14.503999999999998,0.0
61.58391737937927,14.949999999999996,0.0
61.62519192695618,15.043999999999997,0.44599999999999795
61.66842770576477,14.95,0.0940000000000012
61.709096908569336,15.294,-0.09399999999999764
61.763057708740234,15.294,0.3440000000000012
61.821208477020264,15.293999999999997,0.0
61.85938024520874,15.293999999999997,-3.552713678800501e-15
61.878764390945435,15.739999999999998,0.0
61.921074628829956,15.739999999999998,0.4460000000000015
61.95928502082825,15.740000000000002,0.0
61.9983332157135,15.739999999999998,3.552713678800501e-15
62.04236149787903,15.989999999999998,-3.552713678800501e-15
62.0853955745697,15.989999999999998,0.25
62.127612352371216,15.989999999999998,0.0
62.167705059051514,16.334,0.0
62.22057771682739,16.232,0.3440000000000012
62.27322840690613,16.333999999999996,-0.10200000000000031
62.30889177322388,15.981999999999996,0.10199999999999676
62.33571124076843,15.732,-0.3520000000000003
62.3841507434845,15.833999999999996,-0.24999999999999645
62.43264865875244,15.489999999999998,0.10199999999999676
62.46051478385925,15.387999999999998,-0.34399999999999764
62.5044047832489,15.387999999999998,-0.10200000000000031
62.543895959854126,15.294,0.0
62.58804368972778,15.293999999999997,-0.09399999999999764
62.638564109802246,15.293999999999997,-3.552713678800501e-15
62.69705867767334,14.95,0.0
62.74119281768799,15.302,-0.34399999999999764
62.76883578300476,15.302,0.3520000000000003
62.79594039916992,14.856000000000002,0.0
62.83702611923218,14.856000000000002,-0.44599999999999795
62.878990173339844,15.2,0.0
62.927725315093994,14.753999999999998,0.34399999999999764
62.986929416656494,14.847999999999999,-0.4460000000000015
63.01645588874817,14.847999999999999,0.0940000000000012
63.04751014709473,14.942,0.0
63.089022636413574,14.771999999999998,0.0940000000000012
63.12759017944336,14.771999999999998,-0.1700000000000017
63.17226028442383,15.021999999999998,0.0
63.21151566505432,15.021999999999998,0.25
63.263630390167236,14.928,0.0
63.31365251541138,15.097999999999999,-0.09399999999999764
63.34061408042908,15.097999999999999,0.16999999999999815
63.37965512275696,14.753999999999998,0.0
63.42078423500061,14.847999999999999,-0.3440000000000012
63.464088916778564,14.847999999999999,0.0940000000000012
63.504310607910156,14.677999999999997,0.0
